{"cameraMode":{"drawMode":0,"name":"Shaded","section":"Shading Mode"},"sceneLighting":true,"audioPlay":false,"sceneViewState":{"showFog":true,"showMaterialUpdate":false,"showSkybox":true,"showFlares":true,"showImageEffects":true,"showParticleSystems":true},"in2DMode":false,"pivot":{"x":5.360000133514404,"y":-0.12360993027687073,"z":-0.017249107360839845},"rotation":{"x":0.2809636890888214,"y":0.4006759524345398,"z":-0.1305599808692932,"w":0.8622494339942932},"size":3.969463586807251,"orthographic":true}