{"cameraMode":{"drawMode":0,"name":"Shaded","section":"Shading Mode"},"sceneLighting":true,"audioPlay":false,"sceneViewState":{"showFog":true,"showMaterialUpdate":false,"showSkybox":true,"showFlares":true,"showImageEffects":true,"showParticleSystems":true},"in2DMode":false,"pivot":{"x":2.83583927154541,"y":2.849512815475464,"z":0.8178838491439819},"rotation":{"x":0.19996681809425355,"y":0.633587658405304,"z":-0.17433027923107148,"w":0.7267782092094421},"size":6.057886123657227,"orthographic":true}